all categories,all,
,,
,,
community,ccc,
,activities,act
,artists,ats
,childcare,kid
,classes,cal
,events,eve
,general,com
,groups,grp
,local news,vnn
,lost+found,laf
,musicians,muc
,pets,pet
,politics,pol
,rideshare,rid
,volunteers,vol
,,
,,
for sale,sss,
,antiques,atq
,appliances,app
,arts+crafts,art
,auto parts,pts
,baby+kids,bab
,barter,bar
,beauty+hlth,hab
,bikes,bik
,boats,boa
,books,bks
,business,bfs
,cars+trucks,cta
,cars+trucks - by dealer,ctd
,cars+trucks - by owner,cto
,cds/dvd/vhs,emd
,cell phones,mob
,clothes+acc,clo
,collectibles,clt
,computer,sys
,electronics,ele
,farm+garden,grd
,free,zip
,furniture,fua
,furniture - by dealer,fud
,furniture - by owner,fuo
,garage sale,gms
,general,for
,household,hsh
,jewelry,jwl
,materials,mat
,motorcycles,mca
,motorcycles - by dealer,mcd
,motorcycles - by owner,mcy
,music instr,msg
,photo+video,pho
,rvs,rvs
,sporting,spo
,tickets,tia
,tickets - by dealer,tid
,tickets - by owner,tix
,tools,tls
,toys+games,tag
,video gaming,vgm
,wanted,wan
,,
,,
gigs,ggg,
,computer,cpg
,creative,crg
,crew,cwg
,domestic,dmg
,event,evg
,labor,lbg
,talent,tlg
,writing,wrg
,,
,,
housing,hhh,
,apts / housing,apa
,apts / housing - by broker - fee,fee
,apts / housing - by broker - no fee,nfb
,apts / housing - by owner,abo
,apts / housing - no fee,nfa
,apts / housing - registration fee,aiv
,housing swap,swp
,housing wanted,hsw
,office / commercial,off
,parking / storage,prk
,real estate for sale,rea
,rooms / shared,roo
,sublets / temporary,sub
,vacation rentals,vac
,,
,,
jobs,jjj,
,accounting+finance,acc
,admin / office,ofc
,arch / engineering,egr
,art / media / design,med
,biotech / science,sci
,business / mgmt,bus
,customer service,csr
,education,edu
,food / bev / hosp,fbh
,general labor,lab
,government,gov
,human resources,hum
,internet engineers,eng
,legal / paralegal,lgl
,manufacturing,mnu
,marketing / pr / ad,mar
,medical / health,hea
,network/WAN/telcom jobs,tel
,nonprofit sector,npo
,real estate,rej
,retail / wholesale,ret
,sales / biz dev,sls
,salon / spa / fitness,spa
,security,sec
,skilled trade / craft,trd
,software / qa / dba,sof
,systems / network,sad
,technical support,tch
,transport,trp
,tv / film / video,tfr
,web / info design,web
,writing / editing,wri
,[ETC],etc
,,
,,
personals,ppp,
,casual encounters,cas
,men seeking men,m4m
,men seeking women,m4w
,misc romance,msr
,missed connections,mis
,rants and raves,rnr
,strictly platonic,stp
,women seek women,w4w
,women seeking men,w4m
,,
,,
resumes,res,
,,
,,
services,bbb,
,automotive,aos
,beauty,bts
,computer,cps
,creative,crs
,cycle,cys
,event,evs
,farm+garden,fgs
,financial,fns
,household,hss
,labor/move,lbs
,legal,lgs
,lessons,lss
,marine,mas
,pet,pas
,real estate,rts
,skill'd trade,sks
,sm biz ads,biz
,therapeutic,thp
,travel/vac,trv
,write/ed/tr8,wet
,,
,,
