"appliances","heading","heading","heading",
"antiques","heading","heading","heading",
"barter","heading","heading","heading",
"bikes","heading","heading","heading",
"boats","heading","heading","heading",
"books","heading","heading","heading",
"business","heading","heading","heading",
"computer","heading","heading","heading",
"free","heading","heading",,
"furniture","heading","heading","heading","heading"
"general","heading","heading","heading",
"jewelry","heading","heading","heading",
"materials","heading","heading","heading",
"rvs","heading","heading","heading",
"sporting","heading","heading","heading",
"tickets","heading","heading","heading",
"tools","heading","heading","heading",
"wanted","heading","heading","heading",
"arts+crafts","heading","heading","heading",
"auto parts","heading","heading","heading",
"baby+kids","heading","heading","heading",
"beauty+hlth","heading","heading","heading",
"cars+trucks","heading","heading","heading","heading"
"cds/dvd/vhs","heading","heading","heading",
"cell phones","heading","heading","heading",
"clothes+acc","heading","heading","heading",
"collectibles","heading","heading","heading",
"electronics","heading","heading","heading",
"farm+garden","heading","heading","heading",
"garage sale","heading","heading","heading",
"household","heading","heading","heading",
"motorcycles","heading","heading","heading",
"music instr","heading","heading","heading",
"photo+video","heading","heading","heading",
"toys+games","heading","heading","heading",
"video gaming","heading","heading","heading",
